k	LB	UB
1	-	-
2	-	-
3	5.27222	5.27222
4	3.69814	3.69814
5	3.00442	3.00442
6	2.38814	2.38814
7	1.80859	1.80859
8	1.24858	1.24858
9	0.961181	0.961181
10	0.820465	0.820465
11	0.537813	0.684746
12	0.435096	0.57655
13	0.309102	0.4711
14	0.30126	0.414317
15	0.297334	0.371424
16	0.297334	0.345534
17	0.297334	0.321433
18	0.297334	0.307471
19	0.297334	0.297334
20	0.297334	0.297334
