strain	SRR11059940|China:Wuhan	SRR11059942|China:Wuhan	SRR11059944|China:Wuhan	SRR11059945|China:Wuhan	SRR11059946|China:Wuhan	SRR11059947|China:Wuhan	SRR11092062|China: Wuhan	SRR11454607|China: Hubei	SRR11454608|China: Hubei	SRR11454613|China: Hubei	SRR11454614|China: Hubei	SRR11454615|China: Hubei
0	0	0	0.468085	0	0.0753138	0	0	0	0	0	0	0
1	0	0.221239	0	0	0	0.0723404	0	0	0	0	0	0.0510204
2	0.752294	0.367578	0.272501	0.385671	0.786611	0.746835	0.770381	1	0.895928	0.943231	1	0.902913
3	0.247706	0.0519569	0.259414	0.408163	0.138075	0.180824	0	0	0.104072	0.0567686	0	0.046067
4	0	0.359226	0	0.206166	0	0	0	0	0	0	0	0
5	0	0	0	0	0	0	0.229619	0	0	0	0	0
