strain	SRR11241254|USA: Seattle, WA	SRR11241255|USA: Seattle, WA	SRR11247076|USA: WA	SRR11247077|USA: WA	SRR11247078|USA: WA	SRR11278091|USA:WA	SRR11278164|USA:WA	SRR11278166|USA:WA	SRR11278167|USA:WA	SRR11410532|USA
0	0	0	0.131169	0	0	0	0	0	0	0
1	0	0	0	0	0	0	0	0.671204	0.654669	0
2	0	0	0	0	0	0	0.17414	0.0796253	0	0
3	0	0.0957447	0	0.0823045	0.102128	0.146667	0.0658596	0.111478	0.13088	0
4	0	0	0.868831	0	0	0	0	0	0	0.271107
5	0	0	0	0	0	0	0	0.137693	0.21445	0
6	0	0.904255	0	0.917695	0.897872	0.853333	0.76	0	0	0.557018
7	1	0	0	0	0	0	0	0	0	0
8	0	0	0	0	0	0	0	0	0	0.171875
