strain	SRR11426414|Germany: Starnberg	SRR11426415|Germany: Starnberg	SRR11426417|Germany: Starnberg	SRR11426418|Germany: Starnberg
0	0.353659	0.474684	0	0.917695
1	0	0.205761	0	-3.33067e-16
2	0	0	0	0
3	0	0	0	0
4	0	0	0	0
5	0	0	0	0
6	0	0	0	0
7	0	0	0	0
8	0	0	0	0
9	0	0	0	0
10	0	0	0.743802	0.0823045
11	0	0	0	0
12	0	0	0	0
13	0	5.55112e-17	0.256198	0
14	0.646341	0.319555	0	0
