strain	SRR11059940|China:Wuhan	SRR11059942|China:Wuhan	SRR11059944|China:Wuhan	SRR11059945|China:Wuhan	SRR11059946|China:Wuhan	SRR11059947|China:Wuhan	SRR11092062|China: Wuhan	SRR11454607|China: Hubei	SRR11454608|China: Hubei	SRR11454613|China: Hubei	SRR11454614|China: Hubei	SRR11454615|China: Hubei
0	1	0.669451	1	0.726502	1	0.746835	1	1	1	1	1	1
1	0	0.330549	0	0.273498	0	0.253165	0	0	0	0	0	0
