strain	SRR11241254|USA: Seattle, WA	SRR11241255|USA: Seattle, WA	SRR11247076|USA: WA	SRR11247077|USA: WA	SRR11247078|USA: WA	SRR11278091|USA:WA	SRR11278164|USA:WA	SRR11278166|USA:WA	SRR11278167|USA:WA	SRR11410532|USA
0	0	0	0	0	0	0	0	0.123629	0.160704	0
1	0	0	0	0	0	0	0.221219	0.210027	0.196556	0
2	0	0	1	0	0	0	0	0	0	0.442982
3	0	0	0	0	0	0	0	0.666344	0.64274	0
4	0	1	0	1	1	1	0.778781	0	0	0.557018
5	1	0	0	0	0	0	0	0	0	0
