strain	SRR11426414|Germany: Starnberg	SRR11426415|Germany: Starnberg	SRR11426417|Germany: Starnberg	SRR11426418|Germany: Starnberg
0	0.646341	0.525316	0.256198	0
1	0	0.205761	0	0
2	0	0	0.743802	0.0823045
3	0.353659	0.268922	0	0.917695
4	0	0	0	0
