pos	ref	alt	gene	N/S	AA	nSRAsubclonal	nSRAclonal	nSRA	nConsensus	SRR11241254|USA: Seattle, WA	SRR11241255|USA: Seattle, WA	SRR11247076|USA: WA	SRR11247077|USA: WA	SRR11247078|USA: WA	SRR11278091|USA:WA	SRR11278164|USA:WA	SRR11278166|USA:WA	SRR11278167|USA:WA	SRR11410532|USA
404	A	T	ORF1a	N	K47*	2	0	2	0	0	0.102804	0.171429	0.0541872	0.0106383	0	0	0.0140845	0	0
565	T	C	ORF1a	S	S100S	1	0	1	0	0	0	0	0	0	0	0	0	0	0
7507	A	C	ORF1a	N	K2414N	3	0	3	0	0.0108696	0.02	0.00840336	0.0127119	0.00421941	0.0138889	0.290323	0.182692	0.284672	0
10779	T	A	ORF1a	N	L3505Q	7	1	8	0	0	0	0	0	0	0	0	0	0	0
11083	G	T	ORF1a	N	L3606F	1	7	8	356	1	0	0	0.00413223	0	0	0	0	0	0.171875
13112	T	A	ORF1a	N	Y4283N	2	0	2	0	0.0111111	0.00775194	0.0408163	0.00598802	0.00980392	0	0.0117647	0.0892857	0.133858	0
15900	T	C	ORF1b	S	V811V	1	1	2	0	0	0	0	0	0.00436681	0	0	0	0	0
17747	C	T	ORF1b	N	P1427L	2	10	12	344	0	1	1	1	0.995614	1	1	1	1	0.95082
17825	C	T	ORF1b	N	T1453I	1	0	1	0	0	0	0	0	0	0	0	0	0	0
17858	A	G	ORF1b	N	Y1464C	0	12	12	362	0	0.992	1	0.973404	0.981395	1	0.901235	0.929577	1	0.994286
21417	A	T	ORF1b	N	K2650N	3	0	3	0	0	0.0206897	0	0.0619469	0.0170213	0.0263158	0.133333	0.261146	0.186047	0
22915	C	T	S	S	Y451Y	2	0	2	0	0	0	0.008	0	0.00411523	0.0120482	0	0	0	0
23010	T	C	S	N	V483A	1	1	2	14	0	0	0	0	0	0	0	0.848101	0.907895	0
23525	C	T	S	N	H655Y	2	1	3	2	0	0.00555556	1	0	0	0	0	0	0	0.442982
23606	C	T	S	N	R682W	1	0	1	0	0	0	0	0	0	0	0	0	0	0
25174	A	C	S	S	G1204G	2	0	2	0	0	0	0	0	0.00423729	0	0	0	0	0
27493	C	T	ORF7a	N	P34S	1	0	1	1	0	0	0	0	0	0	0	0	0	0.00763359
27676	G	T	ORF7a	N	E95*	2	0	2	0	0	0	0	0	0	0	0	0	0	0
29039	A	T	N	N	K256*	8	0	8	0	0.138728	0.0957447	0.0909091	0.0823045	0.102128	0.146667	0.24	0.368	0.384106	0
