strain	SRR11426414|Germany: Starnberg	SRR11426415|Germany: Starnberg	SRR11426417|Germany: Starnberg	SRR11426418|Germany: Starnberg
0	1	0.659778	0.256198	0
1	0	0	0.743802	1
2	0	0.340222	0	0
