strain	SRR11426414|Germany: Starnberg	SRR11426415|Germany: Starnberg	SRR11426417|Germany: Starnberg	SRR11426418|Germany: Starnberg
0	0.353659	0.268922	0.256198	0.917695
1	0	0	0	0
2	0.646341	0.525316	0	0
3	0	0	0	0
4	0	0	0	0
5	0	0	0	0
6	0	0.205761	0	0
7	0	0	0.743802	0.0823045
8	0	0	0	0
9	0	0	0	0
10	0	0	0	0
11	0	0	0	0
