strain	SRR11397717|Australia: Melbourne, Victoria	SRR11397720|Australia: Melbourne, Victoria	SRR11397730|Australia: Melbourne, Victoria
0	0.757848	0.813333	0
1	0	0	0
2	0	0	0.0557769
3	0	0	0
4	0	0	0
5	0	0	0
6	0	0	0
7	0	0	0
8	0	0	0
9	0	0	0
10	0	0	0
11	0	0	0
12	0.242152	0.186667	0
13	0	0	0.944223
