pos	ref	alt	gene	N/S	AA	nSRAsubclonal	nSRAclonal	nSRA	nConsensus	SRR11059940|China:Wuhan	SRR11059942|China:Wuhan	SRR11059944|China:Wuhan	SRR11059945|China:Wuhan	SRR11059946|China:Wuhan	SRR11059947|China:Wuhan	SRR11092062|China: Wuhan	SRR11454607|China: Hubei	SRR11454608|China: Hubei	SRR11454613|China: Hubei	SRR11454614|China: Hubei	SRR11454615|China: Hubei
404	A	T	ORF1a	N	K47*	2	0	2	0	0	NULL	0	0	0	0	0.0185185	0	0	0	0	0
565	T	C	ORF1a	S	S100S	1	0	1	0	0	0	0	0.0909091	0.00409836	0.0295359	0.242424	0	0	0.0391304	0.0960699	0.0169492
7507	A	C	ORF1a	N	K2414N	3	0	3	0	0.017094	0	0.00847458	0.0535714	0.0282258	0	0	0.0434783	0.00420168	0.00869565	0.00847458	0.00478469
10779	T	A	ORF1a	N	L3505Q	7	1	8	0	0.247706	0.273196	0.259414	0.408163	0.138075	0.253165	0	0	0.104072	0.0567686	0.0307018	0.0970874
11083	G	T	ORF1a	N	L3606F	1	7	8	356	0	0.00518135	0	0	0	0	0	0	0	0.00420168	0	0
13112	T	A	ORF1a	N	Y4283N	2	0	2	0	0	0	0	0	0.00442478	0.0102041	0	0	0.00442478	0.00869565	0	0.0140845
15900	T	C	ORF1b	S	V811V	1	1	2	0	0.037037	0.221239	0.0167364	0	0.0384615	0.0723404	0	0	0.0104712	0.0425532	0.042735	0.0510204
17747	C	T	ORF1b	N	P1427L	2	10	12	344	0	0	0	0	0	0	0	0	0	0	0	0.00438596
17825	C	T	ORF1b	N	T1453I	1	0	1	0	0	0	0	0.0138889	0	0.00423729	0.216814	0	0	0.0663717	0.0343348	0
17858	A	G	ORF1b	N	Y1464C	0	12	12	362	0	0	0	0	0	0	0	0	0	0.00423729	0	0
21417	A	T	ORF1b	N	K2650N	3	0	3	0	0.00584795	0.00819672	0.0124481	0.00840336	0.0121951	0	0	0	0.0123457	0	0.00421941	0
22915	C	T	S	S	Y451Y	2	0	2	0	0.0327869	0.361809	0	0.277311	0	NULL	0	0.0208333	0	0.00442478	0	0
23010	T	C	S	N	V483A	1	1	2	14	0	NULL	0	0	0.0041841	NULL	0	0	0	0.0042735	0	0
23525	C	T	S	N	H655Y	2	1	3	2	0	0	0	0	0	0	0	0.0958904	0	0	0.0042735	0.00452489
23606	C	T	S	N	R682W	1	0	1	0	0	0	0	0.00414938	0	0	0	0	0	0	0	0.004329
25174	A	C	S	S	G1204G	2	0	2	0	0.0123457	0.356643	0.0220264	0.135021	0	NULL	0	0	0.00442478	0.037037	0.041841	0.0083682
27493	C	T	ORF7a	N	P34S	1	0	1	1	0	0	0.468085	0.00406504	0.0753138	0	0	0	0	0	0	0
27676	G	T	ORF7a	N	E95*	2	0	2	0	0.00636943	0.00724638	0	0	0	0	0	0	0	0	0	0
29039	A	T	N	N	K256*	8	0	8	0	0.00490196	0.00823045	0.0425532	0.0686695	0.161572	0.5	0	0.0147059	0.0290456	0.00411523	0.00416667	0.00829876
