strain	sample0|Earth	sample1|Earth	sample2|Earth	sample3|Earth	sample4|Earth	sample5|Earth	sample6|Earth	sample7|Earth	sample8|Earth	sample9|Earth	sample10|Earth	sample11|Earth	sample12|Earth	sample13|Earth	sample14|Earth	sample15|Earth	sample16|Earth	sample17|Earth	sample18|Earth	sample19|Earth	sample20|Earth	sample21|Earth	sample22|Earth	sample23|Earth	sample24|Earth	sample25|Earth	sample26|Earth	sample27|Earth	sample28|Earth	sample29|Earth	sample30|Earth	sample31|Earth	sample32|Earth	sample33|Earth	sample34|Earth	sample35|Earth	sample36|Earth	sample37|Earth	sample38|Earth	sample39|Earth	sample40|Earth	sample41|Earth	sample42|Earth	sample43|Earth	sample44|Earth	sample45|Earth	sample46|Earth	sample47|Earth	sample48|Earth	sample49|Earth
0	0	0.0107495	0	0.666778	0	0.0237547	0	0.139291	0	0.247475	0.321925	0	0	0	1	0	0	0.188442	0.0437772	0	0	0	0	0	1	0.341059	0	0.298072	0	0.140134	0.207866	0.340923	0	0.407908	0.140568	0.284146	0	0	0.889634	0	0.172516	0	0	0.540547	0.230931	0	0.114037	0.303171	0	0
1	0.358984	0.554892	0	0	0.257513	0.133596	0.364976	0.172625	0.381799	0.521437	0.115531	0.178662	1	0	0	0.158103	1	0	0.0783312	1	0.0211405	0.724096	0	0.569502	0	0	0.0655098	0.187131	0.239308	0.280891	0.0201062	0	0.779777	0.151865	0.232811	0.634429	0.65982	0	0.0471595	0	0.163108	0.246326	0	0	0	0.115277	0	0.090502	0.403595	0.582132
2	0	0	0	0	0.244388	0.342712	0.635024	0.0920651	0	0	0.352445	0.567775	0	0	0	0.414739	0	0	0.038888	0	0.170588	0	0.959147	0	0	0	0.0584612	0	0.47976	0.252317	0	0.141575	0.0648607	0	0.479407	0.0374054	0.0302265	0.629241	0	0.186537	0.265155	0.405709	0.189924	0.288649	0	0	0.757728	0.0291249	0.108856	0.233458
3	0.118007	0	0	0.221318	0.359131	0.138969	0	0.0616048	0.012921	0.231088	0.210099	0.253564	0	0.166096	0	0.412231	0	0	0.780315	0	0	0.275904	0	0	0	0.658941	0	0.129597	0.280932	0.306438	0	0.194807	0.0959009	0	0.108433	0	0	0.370759	0.0632061	0	0.000780219	0	0.746423	0.170804	0.714751	0	0.0466257	0.485391	0.080522	0.164184
4	0.523008	0.434358	1	0.111904	0.138968	0.360968	0	0.534414	0.60528	0	0	0	0	0.833904	0	0.0149271	0	0.811558	0.0586885	0	0.808272	0	0.040853	0.430498	0	0	0.876029	0.3852	0	0.020219	0.772028	0.322694	0.0594619	0.440227	0.0387802	0.0440198	0.309954	0	0	0.813463	0.39844	0.347965	0.0636534	0	0.0543183	0.884723	0.08161	0.091811	0.407028	0.0202266
