strain	sample0|Earth	sample1|Earth	sample2|Earth	sample3|Earth	sample4|Earth	sample5|Earth	sample6|Earth	sample7|Earth	sample8|Earth	sample9|Earth	sample10|Earth	sample11|Earth	sample12|Earth	sample13|Earth	sample14|Earth	sample15|Earth	sample16|Earth	sample17|Earth	sample18|Earth	sample19|Earth	sample20|Earth	sample21|Earth	sample22|Earth	sample23|Earth	sample24|Earth	sample25|Earth	sample26|Earth	sample27|Earth	sample28|Earth	sample29|Earth	sample30|Earth	sample31|Earth	sample32|Earth	sample33|Earth	sample34|Earth	sample35|Earth	sample36|Earth	sample37|Earth	sample38|Earth	sample39|Earth	sample40|Earth	sample41|Earth	sample42|Earth	sample43|Earth	sample44|Earth	sample45|Earth	sample46|Earth	sample47|Earth	sample48|Earth	sample49|Earth
0	0.453079	0	0.416558	1	0	0	0	0.0164358	0.0497366	0.555324	0.0314608	0	0	0	0.352152	0	0	0.672202	0.272684	0	0	0.0194791	0	0.0242795	0.942335	0.454343	0.186882	0.0551696	0	0	0.710932	0.0289648	0	1	0.480822	0.0934926	0	0.0723377	0.129777	0.467112	0.650624	0	0	0	0.314276	0.542467	0	0	0	0
1	0.147494	0.858054	0	0	0.835086	0.128218	0.732907	0	0.0290751	0.135192	0.643155	0	0.177389	0	0.0552558	0.518683	1	0	0	0.150039	0.313411	0.733616	0.642663	0.56901	0.0576649	0.273563	0.567832	0.000614173	0.149309	0	0.0497036	0	0.847587	0	0.519178	0.432581	0.478802	0.244584	0.584391	0	0	0.235999	0	0	0.425174	0.0576901	0	0	0.208927	0.511245
2	0.21665	0	0	0	0.148865	0.204424	0.0351064	0.983564	0.801143	0	0.126563	1	0	0.17359	0.343	0	0	0	0.358208	0.849961	0.547316	0.0329194	0.280175	0	0	0.0314072	0.0448371	0	0.611814	0	0	0.274355	0.152413	0	0	0.473927	0.13206	0.228409	0	0.341413	0	0.235212	0	0	0.0705623	0.131262	0.0627925	0	0.316918	0
3	0.0753592	0	0	0	0.0160488	0.549733	0	0	0.0502932	0.309484	0.198821	0	0	0.24083	0.246386	0.37827	0	0	0.297641	0	0	0.140277	0	0	0	0.0654216	0.0543451	0.121644	0.00649634	0	0.145708	0.242128	0	0	0	0	0.318528	0.389191	0.285832	0.0572736	0.260802	0.394717	0.928992	1	0.00614506	0.26589	0.802678	1	0.0498833	0.244889
4	0.107418	0.141946	0.583442	0	0	0.117626	0.231987	0	0.0697523	0	0	0	0.822611	0.58558	0.00320586	0.103047	0	0.327798	0.0714669	0	0.139274	0.0737085	0.0771614	0.40671	0	0.175265	0.146104	0.822572	0.232381	1	0.0936562	0.454552	0	0	0	0	0.0706101	0.0654776	0	0.134202	0.0885743	0.134072	0.0710075	0	0.183842	0.00269029	0.13453	0	0.424272	0.243867
