strain	sample0|Earth	sample1|Earth	sample2|Earth	sample3|Earth	sample4|Earth	sample5|Earth	sample6|Earth	sample7|Earth	sample8|Earth	sample9|Earth	sample10|Earth	sample11|Earth	sample12|Earth	sample13|Earth	sample14|Earth	sample15|Earth	sample16|Earth	sample17|Earth	sample18|Earth	sample19|Earth	sample20|Earth	sample21|Earth	sample22|Earth	sample23|Earth	sample24|Earth	sample25|Earth	sample26|Earth	sample27|Earth	sample28|Earth	sample29|Earth	sample30|Earth	sample31|Earth	sample32|Earth	sample33|Earth	sample34|Earth	sample35|Earth	sample36|Earth	sample37|Earth	sample38|Earth	sample39|Earth	sample40|Earth	sample41|Earth	sample42|Earth	sample43|Earth	sample44|Earth	sample45|Earth	sample46|Earth	sample47|Earth	sample48|Earth	sample49|Earth
0	0	0.722994	0.984452	0.0472742	0	0	0.140098	0.029928	0.0361084	0.798651	0.0270312	0	0	0	0.537124	0.200677	0	0.199831	0.0144279	0	0	0	0	0.624876	0.22512	0.0314687	0	0.593794	0	0	0	0.672187	0	1	0.497288	0	0	0	1	0	0.805187	0.0445817	0.0256257	0.0059281	0	0.405695	0.00920645	0.309293	0	0
1	0.139205	0.0733676	0	0.591893	0.452569	1	0.315738	0	0.109835	0.140295	0.172006	0	0.433641	0	0.462876	0.00696867	1	0.440176	0	1	0.690977	0.336633	0.00786615	0.0401628	0.239706	0	0.267939	0.0729723	0.874583	0.0516759	1	0.0544967	0.041543	0	0.0902356	0	0.163889	0	0	0	0.0380012	0.0452156	0.133067	0.832396	0	0.587569	0	0.140671	0.49321	0.226563
2	0.3788	0	0	0.126471	0.524837	0	0.136081	0.970072	0.109348	0	0.0581328	1	0	0	0	0.150355	0	0.0174925	0.804631	0	0.13893	0.548215	0.190274	0	0.235569	0	0.586916	0	0.0891705	0.0649528	0	0.101995	0.958457	0	0	1	0.281927	0.21072	0	1	0	0.555581	0.305948	0.0246662	0	0	0.148917	0.258373	0.0759956	0
3	0.426825	0	0	0.227166	0.0225938	0	0	0	0.478484	0.0610539	0.74283	0	0	0.96352	0	0.376073	0	0	0.139257	0	0	0.115151	0.573626	0	0.291692	0.218874	0	0.000584067	0.0362462	0.731732	0	0.0513154	0	0	0	0	0.0778301	0.344277	0	0	0.0595629	0.242949	0.00220789	0.13701	1	0	0.444379	0.0681086	0.083927	0
4	0.0551706	0.203639	0.0155475	0.00719573	0	0	0.408084	0	0.266225	0	0	0	0.566359	0.0364796	0	0.265927	0	0.3425	0.0416844	0	0.170093	0	0.228234	0.334962	0.00791307	0.749657	0.145146	0.332649	0	0.151639	0	0.120006	0	0	0.412476	0	0.476355	0.445003	0	0	0.0972486	0.111673	0.533151	0	0	0.00673539	0.397497	0.223554	0.346868	0.773437
