strain	sample0|Earth	sample1|Earth	sample2|Earth	sample3|Earth	sample4|Earth	sample5|Earth	sample6|Earth	sample7|Earth	sample8|Earth	sample9|Earth	sample10|Earth	sample11|Earth	sample12|Earth	sample13|Earth	sample14|Earth	sample15|Earth	sample16|Earth	sample17|Earth	sample18|Earth	sample19|Earth	sample20|Earth	sample21|Earth	sample22|Earth	sample23|Earth	sample24|Earth	sample25|Earth	sample26|Earth	sample27|Earth	sample28|Earth	sample29|Earth	sample30|Earth	sample31|Earth	sample32|Earth	sample33|Earth	sample34|Earth	sample35|Earth	sample36|Earth	sample37|Earth	sample38|Earth	sample39|Earth	sample40|Earth	sample41|Earth	sample42|Earth	sample43|Earth	sample44|Earth	sample45|Earth	sample46|Earth	sample47|Earth	sample48|Earth	sample49|Earth
0	0.675229	0.433857	0.381187	0.0870903	0	0	0	0.102566	0	0.348536	0.47656	0	0	0	0.0897131	0	0	0.328349	0.0196088	0	0	0	0	0.710094	0.0179359	0.155076	0	0.0752561	0	0	0.313543	0.0660822	0	1	0.0620974	0.144973	0	0	0.31361	0.0207793	0.0492347	0	0.268315	0	0.319717	0.495647	0	0.116364	0.0894308	0
1	0.176003	0.289551	0	0	0.330861	0.276486	0.426509	0	0	0.219406	0.197402	0	0.242999	0	0.495822	0.0622488	0.639246	0	0	0.0765566	0.147354	0.672378	0.0550844	0.220887	0.149258	0	0	0.195732	0.30709	0	0.332135	0	0.743186	0	0.161066	0.0215705	0.217801	0.446548	0	0	0	0.123448	0.102406	0	0.165474	0.0682818	0	0.0627477	0.241844	0.0307058
2	0.0109325	0	0.376754	0	0.669139	0.723514	0.573491	0.897434	0	0.0605568	0.292641	0.59629	0.130096	0.303061	0.414464	0	0.262278	0.0947816	0.355091	0.923443	0.153474	0	0.307473	0	0	0	0.166212	0	0.172608	0.239036	0	0.533168	0.204865	0	0.547916	0.242696	0.534075	0.0278646	0	0.25305	0	0.129471	0.134277	0	0	0	0	0.0552786	0.37488	0
3	0.100324	0.172911	0	0.889928	0	0	0	0	0.69818	0.371501	0.0333982	0.40371	0.0749304	0.215182	0	0.23032	0	0	0.6253	0	0	0.327622	0.296978	0	0.56465	0.355405	0	0.600401	0.520302	0	0	0.323469	0.0519488	0	0	0.346003	0.0326353	0.26492	0.68639	0.266267	0.950765	0	0.494805	1	0.100787	0	0.221002	0.674457	0.269613	0.496961
4	0.0375117	0.103681	0.242059	0.0229821	0	0	0	0	0.30182	0	0	0	0.551975	0.481757	0	0.707431	0.0984762	0.576869	0	0	0.699172	0	0.340464	0.0690195	0.268157	0.489519	0.833788	0.128611	0	0.760964	0.354322	0.0772802	0	0	0.22892	0.244758	0.215489	0.260667	0	0.459904	0	0.747081	0.000196419	0	0.414021	0.436071	0.778998	0.091153	0.0242323	0.472333
