strain	sample0|Earth	sample1|Earth	sample2|Earth	sample3|Earth	sample4|Earth	sample5|Earth	sample6|Earth	sample7|Earth	sample8|Earth	sample9|Earth	sample10|Earth	sample11|Earth	sample12|Earth	sample13|Earth	sample14|Earth	sample15|Earth	sample16|Earth	sample17|Earth	sample18|Earth	sample19|Earth	sample20|Earth	sample21|Earth	sample22|Earth	sample23|Earth	sample24|Earth	sample25|Earth	sample26|Earth	sample27|Earth	sample28|Earth	sample29|Earth	sample30|Earth	sample31|Earth	sample32|Earth	sample33|Earth	sample34|Earth	sample35|Earth	sample36|Earth	sample37|Earth	sample38|Earth	sample39|Earth	sample40|Earth	sample41|Earth	sample42|Earth	sample43|Earth	sample44|Earth	sample45|Earth	sample46|Earth	sample47|Earth	sample48|Earth	sample49|Earth
0	0	0	0.212713	0.439051	0	0	0	0.0130544	0	0.0121102	0.0903036	0.0763749	0	0	0.157414	0	0	0.586108	0.225789	0	0.17779	0	0	0	0.625152	0.0434803	0	0.87007	0	0	0.60703	0.266093	0	0.0664537	0.159526	0.453039	0	0	0.55794	0	0.56128	0.0189847	0	0.287756	0	0	0	0.0684187	0.293997	0
1	0.108217	0	0.0404411	0	1	0.712361	0.103336	0	0.0276091	0.177953	0	0.51534	0.922297	0	0.427685	0	0.390952	0.108831	0	0.149518	0.609499	0.548522	0	1	0.275526	0	0	0	0	0.672555	0.13856	0	0.980602	0.00435836	0.0669253	0.142758	0	0	0.00094679	0	0	0.373692	0.468146	0.220736	0	0.297415	0	0.275972	0.0208948	0
2	0.300496	0	0.475996	0	0	0.287639	0.329035	0.982273	0	0.139511	0.909696	0.292234	0.0620362	0.541573	0.0492047	0	0	0.0380065	0.774211	0.152948	0.0505857	0	0.259934	0	0	0.32996	0	0	0	0.274107	0	0.0965692	0.0193975	0.308269	0.597792	0.404202	1	0.584442	0	1	0	0.140964	0.121982	0.0398778	0	0	0	0	0.0778217	0
3	0.179016	0	0.19389	0.25292	0	0	0	0.00467309	0.517202	0.00712525	0	0.116051	0	0.448679	0.124323	0	0	0	0	0.697534	0	0.451478	0	0	0.0617029	0.120352	0	0.12993	1	0	0	0.330129	0	0.224962	0	0	0	0.415558	0.441114	0	0.43872	0.231005	0.297737	0.284464	0.883071	0	0.23983	0.655609	0.546953	0
4	0.412272	1	0.0769594	0.308029	0	0	0.567629	0	0.455189	0.6633	0	0	0.0156668	0.0097477	0.241373	1	0.609048	0.267055	0	0	0.162126	0	0.740066	0	0.0376187	0.506208	1	0	0	0.0533382	0.25441	0.307209	0	0.395957	0.175756	0	0	0	0	0	0	0.235355	0.112136	0.167167	0.116929	0.702585	0.76017	0	0.060334	1
