strain	sample0|Earth	sample1|Earth	sample2|Earth	sample3|Earth	sample4|Earth	sample5|Earth	sample6|Earth	sample7|Earth	sample8|Earth	sample9|Earth	sample10|Earth	sample11|Earth	sample12|Earth	sample13|Earth	sample14|Earth	sample15|Earth	sample16|Earth	sample17|Earth	sample18|Earth	sample19|Earth	sample20|Earth	sample21|Earth	sample22|Earth	sample23|Earth	sample24|Earth	sample25|Earth	sample26|Earth	sample27|Earth	sample28|Earth	sample29|Earth	sample30|Earth	sample31|Earth	sample32|Earth	sample33|Earth	sample34|Earth	sample35|Earth	sample36|Earth	sample37|Earth	sample38|Earth	sample39|Earth	sample40|Earth	sample41|Earth	sample42|Earth	sample43|Earth	sample44|Earth	sample45|Earth	sample46|Earth	sample47|Earth	sample48|Earth	sample49|Earth
0	0	0	0.128416	0.85093	0.050069	0	0	0.731881	0.00110349	0.110557	0.885254	0	0	0	0.275498	0	0	0.54855	0	0	0.106864	0.115101	0.100371	0	0.0467784	0.383307	0	0	0	0	0.15592	0.272608	0	0.267603	0.675509	0	0	0.253908	0.232532	0.1529	0.324583	0	0.373551	0	0.288251	0	0	0.658721	0	0.119595
1	0	0.199133	0.0433653	0.134262	0.19414	0.143004	0.108047	0	0.311633	0.5834	0	0.0407085	1	0	0.41518	0.087452	0.301494	0	0	0.617409	0.194278	0.118645	0.114178	1	0.539941	0	0	0	0	0	0.394017	0	0	0.732397	0.324491	0.848255	0	0.0951761	0	0.00835543	0.0310863	0.323158	0.110547	0	0	0	0	0	0.14435	0.274664
2	0	0	0.397919	0	0.0529845	0.0550762	0.891953	0.268119	0.189826	0.0409239	0.114746	0.846564	0	0	0.309322	0.569907	0	0.25435	1	0.382591	0.00551638	0.488575	0.0733177	0	0	0	0.901406	0	0.132617	0.701499	0	0.273299	1	0	0	0.151745	1	0.135802	0	0.314059	0.0246405	0.246008	0.334851	0	0	0	0	0	0.217037	0.430581
3	0	0	0.287395	0.00358876	0.0192208	0.80192	0	0	0.454713	0.176016	0	0.112728	0	0.00244229	0	0.137958	0	0	0	0	0.616892	0.277679	0.252797	0	0.413281	0.616693	0	1	0.867383	0	0	0.317016	0	0	0	0	0	0.501355	0.767468	0.341677	0.15507	0.0345269	0.0985692	1	0.0835727	0	0.995797	0.341279	0.638613	0.136854
4	1	0.800867	0.142904	0.0112197	0.683585	0	0	0	0.0427244	0.0891029	0	0	0	0.997558	0	0.204683	0.698506	0.1971	0	0	0.076449	0	0.459336	0	0	0	0.0985944	0	0	0.298501	0.450063	0.137077	0	0	0	0	0	0.0137592	0	0.183009	0.46462	0.396307	0.0824818	0	0.628176	1	0.00420335	0	0	0.0383064
