strain	sample0|Earth	sample1|Earth	sample2|Earth	sample3|Earth	sample4|Earth	sample5|Earth	sample6|Earth	sample7|Earth	sample8|Earth	sample9|Earth	sample10|Earth	sample11|Earth	sample12|Earth	sample13|Earth	sample14|Earth	sample15|Earth	sample16|Earth	sample17|Earth	sample18|Earth	sample19|Earth	sample20|Earth	sample21|Earth	sample22|Earth	sample23|Earth	sample24|Earth	sample25|Earth	sample26|Earth	sample27|Earth	sample28|Earth	sample29|Earth	sample30|Earth	sample31|Earth	sample32|Earth	sample33|Earth	sample34|Earth	sample35|Earth	sample36|Earth	sample37|Earth	sample38|Earth	sample39|Earth	sample40|Earth	sample41|Earth	sample42|Earth	sample43|Earth	sample44|Earth	sample45|Earth	sample46|Earth	sample47|Earth	sample48|Earth	sample49|Earth
0	0	0	0.574958	1	0	0	0.0404231	0.0579264	0	0.049106	0.784324	0	0	0	0.794369	0	0	0.586621	0.157584	0	0	0	0.173503	0.38004	1	0.0182687	0	0.799981	0	0	0.0954084	0.334689	0	0.223831	0.272015	0	0	0	0.175093	0	0.0694879	0	0	0.323914	0	0	0	0	0	0
1	0	0	0	0	0.829255	0.91126	0.115394	0	0	0.014636	0	0	0.668586	0	0.205631	0.105304	0.526853	0	0	1	0	1	0.20499	0.0522061	0	0.080399	0	0	0	0.638443	0.221105	0.278436	0.129282	0.223931	0.727985	0	0.186862	0	0.156392	0	0	0.157625	0.0160216	0	0	0.125892	0	0	0.359257	0.0328562
2	0	0	0	0	0.170745	0.0887398	0.337434	0.0229426	0	0.0641093	0.215676	0.0422271	0	0.295211	0	0	0	0	0.642353	0	0	0	0.20686	0.138944	0	0.198603	0.774882	0	0.161406	0.227411	0.599067	0.0549139	0.870718	0.12725	0	1	0.0814662	0.283112	0	0.408926	0	0.842375	0.182566	0	0	0	0	0	0.197827	0
3	0	0	0	0	0	0	0.453042	0.919131	0.0318468	0.872149	0	0.957773	0	0.167814	0	0	0	0	0.200063	0	0	0	0.250556	0.317688	0	0.521877	0	0.200019	0.838594	0	0.0829268	0.174908	0	0.0792416	0	0	0	0.086219	0.399571	0	0.930512	0	0.0962647	0.676086	0.847453	0	0.783857	1	0.345305	0
4	1	1	0.425042	0	0	0	0.0537062	0	0.968153	0	0	0	0.331414	0.536975	0	0.894696	0.473147	0.413379	0	0	1	0	0.164091	0.111121	0	0.180852	0.225118	0	0	0.134145	0.00149231	0.157053	0	0.345747	0	0	0.731672	0.630669	0.268944	0.591074	0	0	0.705148	0	0.152547	0.874108	0.216143	0	0.0976106	0.967144
