strain	sample0|Earth	sample1|Earth	sample2|Earth	sample3|Earth	sample4|Earth	sample5|Earth	sample6|Earth	sample7|Earth	sample8|Earth	sample9|Earth	sample10|Earth	sample11|Earth	sample12|Earth	sample13|Earth	sample14|Earth	sample15|Earth	sample16|Earth	sample17|Earth	sample18|Earth	sample19|Earth	sample20|Earth	sample21|Earth	sample22|Earth	sample23|Earth	sample24|Earth	sample25|Earth	sample26|Earth	sample27|Earth	sample28|Earth	sample29|Earth	sample30|Earth	sample31|Earth	sample32|Earth	sample33|Earth	sample34|Earth	sample35|Earth	sample36|Earth	sample37|Earth	sample38|Earth	sample39|Earth	sample40|Earth	sample41|Earth	sample42|Earth	sample43|Earth	sample44|Earth	sample45|Earth	sample46|Earth	sample47|Earth	sample48|Earth	sample49|Earth
0	0	0.841653	0.153789	0.454586	0	0	0	0.78275	0	0.363933	1	0	0.32704	0	0.105873	0.102308	0	0.186687	0.140598	0.383724	0.613187	0	0	0.100616	0.0300257	0.379928	0.230645	0.0871323	0	0	0.572727	0	0	1	0.0377812	0.0472607	0.0462475	0	0.560065	0.00881838	0.462278	0	0	0.111342	0.486857	0.00846292	0	0.684207	0	0
1	0	0.155587	0	0	0.308333	0.152362	0.416071	0	0.00169573	0.488548	0	0.127143	0.141076	0	0.894127	0.0744908	0.185302	0.0300846	0	0.0959805	0.123023	0.0784259	0	0.250411	0.658179	0	0.087453	0	0	0	0.0764859	0	0.149271	0	0.292423	0.867036	0.206572	0	0	0.238836	0	0.199152	0	0	0	0.527881	0	0.0782348	0.141633	0
2	0	0	0	0	0.691667	0.288407	0.464142	0.21725	0	0	0	0.824773	0.0791192	0	0	0.200076	0.0451164	0.0201559	0.345101	0.105285	0.161797	0.526543	0.505884	0	0	0	0.0501381	0	0.660196	0	0	0.0305037	0.223971	0	0.416705	0.0584311	0.660181	0.552968	0	0.0302816	0	0.800848	0.344978	0	0	0	0.574095	0	0.697144	0
3	0.808533	0	0	0.463883	0	0.309933	0	0	0.507626	0.147519	0	0.048084	0.00612136	0.514382	0	0.540187	0.638258	0.673569	0.410135	0.011033	0.0317923	0.395031	0	0	0.292688	0.0828427	0.105289	0.345137	0.339804	0	0	0.969496	0.580395	0	0	0	0.0302017	0.447032	0.439935	0.444972	0.537722	0	0.417158	0.888658	0.319788	0	0.0719489	0.237559	0.130309	0
4	0.191467	0.00275995	0.846211	0.0815314	0	0.249298	0.119787	0	0.490678	0	0	0	0.446643	0.485618	0	0.0829375	0.131323	0.0895032	0.104166	0.403978	0.0702005	0	0.494116	0.648973	0.0191076	0.537229	0.526475	0.567731	0	1	0.350787	0	0.046363	0	0.253091	0.0272717	0.0567971	0	0	0.277093	0	0	0.237864	0	0.193355	0.463656	0.353956	0	0.0309132	1
