strain	sample0|Earth	sample1|Earth	sample2|Earth	sample3|Earth	sample4|Earth	sample5|Earth	sample6|Earth	sample7|Earth	sample8|Earth	sample9|Earth	sample10|Earth	sample11|Earth	sample12|Earth	sample13|Earth	sample14|Earth	sample15|Earth	sample16|Earth	sample17|Earth	sample18|Earth	sample19|Earth	sample20|Earth	sample21|Earth	sample22|Earth	sample23|Earth	sample24|Earth	sample25|Earth	sample26|Earth	sample27|Earth	sample28|Earth	sample29|Earth	sample30|Earth	sample31|Earth	sample32|Earth	sample33|Earth	sample34|Earth	sample35|Earth	sample36|Earth	sample37|Earth	sample38|Earth	sample39|Earth	sample40|Earth	sample41|Earth	sample42|Earth	sample43|Earth	sample44|Earth	sample45|Earth	sample46|Earth	sample47|Earth	sample48|Earth	sample49|Earth
0	0.487833	0.11092	0.238484	0.462115	0	0	0	0.373512	0	0	0.0024272	0	0.249885	0.434803	0.480244	0.0240171	0.198419	0.129856	0.837483	0.227424	0.56243	0	0	0.180634	1	0.538789	0	0.187965	0	0.101812	0.00677076	0	0	0.0507974	0.0285624	0	0	0	0.10012	0	0.0771301	0	0	0.327478	0.0303323	0	0	0.0360012	0	0
1	0.0490223	0.125084	0	0	0.903355	0.135734	0.0673416	0	0.541152	0	0.110054	0.0914956	0.0343563	0	0.184671	0.398001	0.426845	0.212586	0	0.184465	0.109039	0.220329	0.152907	0.290422	0	0	0.50296	0	0.340393	0.00359075	0.390687	0	0	0.261332	0.0420329	0.811204	0.0251031	0	0.398576	0	0	0.011518	0	0	0.361899	0.900824	0	0.168187	0.628989	0.537497
2	0.00353126	0	0	0	0.0542852	0.306715	0.69054	0.611769	0	0	0.284674	0.730835	0.231174	0.470503	0.335085	0.00585749	0.216247	0.403692	0.162517	0.0187578	0.101505	0	0.310537	0	0	0	0.137272	0	0.627715	0.471832	0	0.748648	1	0.110902	0.41916	0.188796	0.415129	0.779622	0	1	0	0.988482	0	0	0.214593	0	0	0.311567	0.158409	0.0626704
3	0.0192908	0	0	0.537885	0.0423598	0.513129	0	0.0147192	0.2817	1	0.405175	0.17767	0.238395	0.0583877	0	0.146587	0.04559	0	0	0.196948	0	0.779671	0	0	0	0.393665	0.0846605	0.17305	0.0318916	0.019493	0	0.251352	0	0	0.213398	0	0.0355339	0.220378	0.310011	0	0.0538957	0	1	0.672522	0.343253	0	0	0.419752	0.0939677	0.103006
4	0.440323	0.763996	0.761516	0	0	0.044422	0.242118	0	0.177148	0	0.19767	0	0.24619	0.0363069	0	0.425537	0.112898	0.253866	0	0.372405	0.227026	0	0.536556	0.528943	0	0.0675464	0.275108	0.638985	0	0.403272	0.602542	0	0	0.576968	0.296847	0	0.524234	0	0.191293	0	0.868974	0	0	0	0.0499228	0.0991758	1	0.0644918	0.118634	0.296826
