strain	sample0|Earth	sample1|Earth	sample2|Earth	sample3|Earth	sample4|Earth	sample5|Earth	sample6|Earth	sample7|Earth	sample8|Earth	sample9|Earth	sample10|Earth	sample11|Earth	sample12|Earth	sample13|Earth	sample14|Earth	sample15|Earth	sample16|Earth	sample17|Earth	sample18|Earth	sample19|Earth	sample20|Earth	sample21|Earth	sample22|Earth	sample23|Earth	sample24|Earth	sample25|Earth	sample26|Earth	sample27|Earth	sample28|Earth	sample29|Earth	sample30|Earth	sample31|Earth	sample32|Earth	sample33|Earth	sample34|Earth	sample35|Earth	sample36|Earth	sample37|Earth	sample38|Earth	sample39|Earth	sample40|Earth	sample41|Earth	sample42|Earth	sample43|Earth	sample44|Earth	sample45|Earth	sample46|Earth	sample47|Earth	sample48|Earth	sample49|Earth
0	0.174134	0	0.243833	0.570559	0	0	0	0.393185	0.0373692	0.300587	1	0	0.127174	0	0.355963	0	0	0.387823	0.505038	0.0169511	0	0.325093	0	0	0.0815315	0.175953	0	0.305745	0	0.420847	0.225617	0	0	1	0.107602	0.0444581	0	0	0.658079	0	1	0	0	0.102759	0	0	0.0356903	0.0863517	0	0
1	0.567943	0.291114	0.158689	0	0.262181	0.178294	0.762341	0	0.440835	0.270423	0	0	0.227758	0	0.225404	0	0.511307	0	0	0.0942874	0.00974819	0.475027	0.228092	0.553494	0.464649	0	0.17448	0	0	0.248761	0.335614	0	0.321182	0	0.0545374	0.355767	0.0691382	0	0.289282	0	0	0.579833	0	0	0	0.818586	0.430577	0.261122	0.107225	0.450123
2	0.0362995	0	0.148074	0	0.737819	0.349598	0.237659	0.231301	0.259916	0.207903	0	0.810962	0.451028	0	0.0462874	0	0.182029	0	0.213662	0.295222	0.483246	0.13047	0.204357	0	0.0534319	0.358018	0.824464	0	0.266874	0.103105	0	0.985367	0.678818	0	0	0.599775	0.700179	0.0476484	0	0.305691	0	0.420167	0	0.00375027	0	0	0.251981	0.622044	0.850373	0
3	0.0785335	0	0.392255	0.252966	0	0.226291	0	0.125536	0.0134482	0.221087	0	0.189038	0.128732	0.834132	0.337489	0	0	0	0.2813	0.502491	0	0.0694096	0.211566	0	0.172171	0.429008	0	0.379229	0.733126	0.185753	0.148407	0.0146332	0	0	0	0	0	0.952352	0.052639	0	0	0	0.0214217	0.89349	0.0415286	0	0.0943452	0.0304829	0.023839	0
4	0.14309	0.708886	0.0571482	0.176474	0	0.245817	0	0.249978	0.248431	0	0	0	0.0653073	0.165868	0.0348561	1	0.306664	0.612177	0	0.0910485	0.507006	0	0.355985	0.446506	0.228217	0.037021	0.00105652	0.315026	0	0.0415346	0.290361	0	0	0	0.83786	0	0.230683	0	0	0.694309	0	0	0.978578	0	0.958471	0.181414	0.187406	0	0.0185638	0.549877
