strain	sample0|Earth	sample1|Earth	sample2|Earth	sample3|Earth	sample4|Earth	sample5|Earth	sample6|Earth	sample7|Earth	sample8|Earth	sample9|Earth	sample10|Earth	sample11|Earth	sample12|Earth	sample13|Earth	sample14|Earth	sample15|Earth	sample16|Earth	sample17|Earth	sample18|Earth	sample19|Earth	sample20|Earth	sample21|Earth	sample22|Earth	sample23|Earth	sample24|Earth	sample25|Earth	sample26|Earth	sample27|Earth	sample28|Earth	sample29|Earth	sample30|Earth	sample31|Earth	sample32|Earth	sample33|Earth	sample34|Earth	sample35|Earth	sample36|Earth	sample37|Earth	sample38|Earth	sample39|Earth	sample40|Earth	sample41|Earth	sample42|Earth	sample43|Earth	sample44|Earth	sample45|Earth	sample46|Earth	sample47|Earth	sample48|Earth	sample49|Earth
0	0	0	0.303554	0.171249	0.419875	0	0	0.691518	0.533467	0	0.166232	0	0	0.364378	1	0	0	0.92314	0.5812	0	0	0	0.386091	0.744627	0.236118	0.121526	0	0.302765	0	0.658464	0	0.345077	0	0.00761691	0.316172	0	0	0	0.395841	0.39351	0.23127	0	0	0.346639	0.257658	0.180651	0	0.229047	0	0
1	0.352141	0	0	0	0.0252819	0.0810789	0.202323	0	0.0718689	0.324845	0	0	1	0	0	0.777613	1	0	0	0.0473396	0.315118	0.127482	0.176114	0.00626906	0.17969	0	0.274811	0	0.151606	0.0192914	0.645787	0	0	0.169788	0.683828	0.423044	0.754566	0	0.0555324	0	0	0.731673	0	0	0	0.0726921	0	0.0884028	0.84377	0.129537
2	0	0	0	0	0.0616255	0.189089	0.797677	0.308482	0.204706	0	0.833768	1	0	0.0275006	0	0	0	0	0.338756	0.162481	0.602356	0.817036	0.360171	0	0.309604	0	0.025643	0	0.651653	0.23452	0	0.526419	1	0.331794	0	0.576956	0.113965	0.51704	0.178322	0.0230281	0	0.268327	0.298086	0.544007	0	0.401868	0	0.669251	0.011843	0.0333884
3	0.439435	0	0	0.705831	0.390082	0.729832	0	0	0.0269531	0.675155	0	0	0	0.0403946	0	0	0	0	0.0800436	0.112241	0	0.0554826	0.0489645	0	0.253249	0.738841	0.424184	0.670407	0.166503	0.0551264	0	0.128504	0	0.229795	0	0	0.0235636	0.371417	0.32197	0.00147925	0.710796	0	0.660876	0.109353	0.265703	0.0721385	0.893576	0.0132988	0.144387	0.0987353
4	0.208424	1	0.696446	0.12292	0.103136	0	0	0	0.163006	0	0	0	0	0.567727	0	0.222387	0	0.0768601	0	0.677939	0.0825259	0	0.0286596	0.249103	0.0213396	0.139633	0.275362	0.0268281	0.0302381	0.0325974	0.354213	0	0	0.261006	0	0	0.107906	0.111543	0.048335	0.581983	0.0579345	0	0.0410377	0	0.476639	0.272651	0.106424	0	0	0.738339
