strain	sample0|Earth	sample1|Earth	sample2|Earth	sample3|Earth	sample4|Earth	sample5|Earth	sample6|Earth	sample7|Earth	sample8|Earth	sample9|Earth	sample10|Earth	sample11|Earth	sample12|Earth	sample13|Earth	sample14|Earth	sample15|Earth	sample16|Earth	sample17|Earth	sample18|Earth	sample19|Earth	sample20|Earth	sample21|Earth	sample22|Earth	sample23|Earth	sample24|Earth	sample25|Earth	sample26|Earth	sample27|Earth	sample28|Earth	sample29|Earth	sample30|Earth	sample31|Earth	sample32|Earth	sample33|Earth	sample34|Earth	sample35|Earth	sample36|Earth	sample37|Earth	sample38|Earth	sample39|Earth	sample40|Earth	sample41|Earth	sample42|Earth	sample43|Earth	sample44|Earth	sample45|Earth	sample46|Earth	sample47|Earth	sample48|Earth	sample49|Earth
0	0	0	0.413608	1	0.125355	0	0	0.429551	0.0337823	0.485245	0.514348	0	0	0	0.66908	0.0866301	0	0.540002	0.153816	0.0506403	0.36509	0	0	0.327153	1	0.885475	0	0	0	0	0	0	0.0265329	0.768774	0.445635	0	0.226498	0	0.560045	0	0.00513405	0	0	0.87192	0.123239	0	0	0.0173966	0	0
1	0	0.204393	0.0506722	0	0.119774	0.315319	0.0515359	0	0.0719076	0.270311	0	0	0.267932	0	0.0133848	0.182074	0.31125	0	0	0.13497	0.423523	0.175958	0	0.276393	0	0	0	0	0.529818	0.323848	0.939835	0	0.616032	0.231226	0.123737	0	0.117422	0	0.281525	0	0	0.375355	0	0	0.103991	0	0	0.382454	0	0
2	0	0	0.177407	0	0.546812	0.684681	0.446273	0.117592	0.0282171	0	0.485652	0.330852	0	0	0.317535	0.487809	0	0	0.225707	0.447212	0.0263283	0.000886659	0	0	0	0	0.855038	0	0.172514	0.264433	0	0.750977	0.199901	0	0	1	0.224303	0	0	0.568122	0	0.437525	0	0	0.139973	0	0	0.575991	0	0
3	0.78154	0	0.0975518	0	0.104853	0	0	0.452857	0.454201	0.244443	0	0.669148	0	1	0	0.0188044	0	0	0.16768	0.347275	0	0.823155	0	0	0	0.114525	0	1	0.297669	0	0	0.249023	0.0953798	0	0	0	0.0861403	1	0.15843	0	0.960114	0	0.705232	0.12808	0.436035	0	0.628221	0.0241583	1	0
4	0.21846	0.795607	0.260761	0	0.103206	0	0.502191	0	0.411892	0	0	0	0.732068	0	0	0.224683	0.68875	0.459998	0.452797	0.0199021	0.185059	0	1	0.396453	0	0	0.144962	0	0	0.411719	0.0601646	0	0.0621539	0	0.430629	0	0.345637	0	0	0.431878	0.0347517	0.18712	0.294768	0	0.196761	1	0.371779	0	0	1
