strain	sample0|Earth	sample1|Earth	sample2|Earth	sample3|Earth	sample4|Earth	sample5|Earth	sample6|Earth	sample7|Earth	sample8|Earth	sample9|Earth	sample10|Earth	sample11|Earth	sample12|Earth	sample13|Earth	sample14|Earth	sample15|Earth	sample16|Earth	sample17|Earth	sample18|Earth	sample19|Earth	sample20|Earth	sample21|Earth	sample22|Earth	sample23|Earth	sample24|Earth	sample25|Earth	sample26|Earth	sample27|Earth	sample28|Earth	sample29|Earth	sample30|Earth	sample31|Earth	sample32|Earth	sample33|Earth	sample34|Earth	sample35|Earth	sample36|Earth	sample37|Earth	sample38|Earth	sample39|Earth	sample40|Earth	sample41|Earth	sample42|Earth	sample43|Earth	sample44|Earth	sample45|Earth	sample46|Earth	sample47|Earth	sample48|Earth	sample49|Earth
0	0	0.182112	0.988103	0.600982	0	0	0	0.11081	0	0.0139123	0.11343	0.153076	0	0	0.174163	0	0	1	0.747205	0	0	0	0	0.158826	0.513874	0.00561649	0	0	0	0	0.306057	0	0	0.044837	0.175412	0.366322	0	0.385173	0.395261	0.0754662	0.0400668	0	0	0.563048	0	0.0838405	0	0.111046	0	0
1	0	0.226588	0	0	0.358575	0.759666	0.671949	0.431592	0.506193	0.565131	0	0.58725	0.0652233	0	0.0657688	0	0.08292	0	0	0.0590509	0	1	0	0.441413	0.195401	0.0972907	0.551808	0	0	0	0.628759	0	0.561544	0.559036	0.352425	0.0711389	0.184025	0.140806	0.0383634	0.0590322	0.144355	0	0	0	0	0.14516	0	0.19459	0.278957	0.100593
2	0	0	0	0	0.470726	0.00407619	0.251016	0.256897	0.0938076	0	0.785363	0.101273	0.156477	0.510575	0.626858	0	0	0	0.252795	0.569463	0.330532	0	0.272302	0	0	0.115199	0.270307	0	0.0541521	0.0548155	0	0.382181	0.438456	0.0480893	0	0.174718	0.054253	0.000217753	0	0.164762	0.503606	1	0	0	0	0.0267719	0	0.587068	0.0361593	0.00746604
3	0.221065	0.358304	0	0.299347	0.170699	0.190754	0	0.123629	0.0987521	0.420957	0.101207	0.158401	0	0.0114168	0	0	0	0	0	0.371486	0	0	0	0	0.152585	0.192338	0	1	0.945848	0	0	0.617819	0	0	0	0	0	0.471784	0.337141	0.656319	0.219195	0	0.277888	0.436952	1	0.45039	0.753094	0.107296	0.138361	0.682343
4	0.778935	0.232996	0.0118966	0.0996714	0	0.0455038	0.0770354	0.0770733	0.301248	0	0	0	0.7783	0.478008	0.133211	1	0.91708	0	0	0	0.669468	0	0.727698	0.399761	0.13814	0.589555	0.177885	0	0	0.945185	0.0651838	0	0	0.348038	0.472163	0.387821	0.761722	0.00201934	0.229235	0.0444208	0.0927771	0	0.722112	0	0	0.293838	0.246906	0	0.546522	0.209598
