strain	sample0|Earth	sample1|Earth	sample2|Earth	sample3|Earth	sample4|Earth	sample5|Earth	sample6|Earth	sample7|Earth	sample8|Earth	sample9|Earth	sample10|Earth	sample11|Earth	sample12|Earth	sample13|Earth	sample14|Earth	sample15|Earth	sample16|Earth	sample17|Earth	sample18|Earth	sample19|Earth	sample20|Earth	sample21|Earth	sample22|Earth	sample23|Earth	sample24|Earth	sample25|Earth	sample26|Earth	sample27|Earth	sample28|Earth	sample29|Earth	sample30|Earth	sample31|Earth	sample32|Earth	sample33|Earth	sample34|Earth	sample35|Earth	sample36|Earth	sample37|Earth	sample38|Earth	sample39|Earth	sample40|Earth	sample41|Earth	sample42|Earth	sample43|Earth	sample44|Earth	sample45|Earth	sample46|Earth	sample47|Earth	sample48|Earth	sample49|Earth
0	0	0	0	0.0706002	0	0.139041	0.462599	0.146109	0	0	0.690015	0	0	0	0.244362	0	0.273762	0.187506	0	0	0.141602	0	0	0.605363	0.0261829	0.379053	0	0.291558	0	0	0	0	0	0.273369	0	0.309619	0	0	0.100295	0	0.488135	0	0	0.0648186	0.491709	0.506652	0	0.273398	0	0
1	0	0.950906	0	0	0.320415	0.49529	0.253056	0	0	0	0	0.334829	0.110584	0	0.589309	0.0879957	0.369307	0	0	0.883868	0.279136	0.271938	0.695298	0.0183852	0.962039	0	0.538473	0	0	0	0.776352	0	0.347476	0.0657157	1	0.591996	0	0	0.251278	0	0	0	0	0	0.0376073	0.138407	0	0.210951	0.64511	0
2	0	0	0	0	0.158138	0.118007	0.185783	0.380738	0	0	0.309985	0.593442	0.0544676	0	0.166329	0	0.244296	0	1	0.116132	0.557897	0	0.0833776	0	0	0.147965	0.401616	0	0.589459	0.381988	0	1	0.652524	0	0	0.0983843	1	0.0602853	0.464835	0.764742	0	1	0	0	0.0130418	0	0.0973508	0	0.297771	0
3	0	0	0	0.0309102	0.40686	0.063489	0	0.123838	1	1	0	0.0717289	0.191741	1	0	0.850623	0.0300642	0	0	0	0	0.728062	0.0736467	0	0.0117784	0.311533	0	0.708442	0.410541	0	0	0	0	0	0	0	0	0.0694252	0.0616633	0.0642023	0.511865	0	1	0.935181	0.0640354	0	0.452466	0.51565	0.0571191	0
4	1	0.0490941	1	0.89849	0.114587	0.184174	0.0985615	0.349314	0	0	0	0	0.643207	0	0	0.0613811	0.0825712	0.812494	0	0	0.0213653	0	0.147678	0.376252	0	0.161449	0.0599112	0	0	0.618012	0.223648	0	0	0.660915	0	0	0	0.87029	0.121928	0.171055	0	0	0	0	0.393607	0.354941	0.450183	0	0	1
