strain	sample0|Earth	sample1|Earth	sample2|Earth	sample3|Earth	sample4|Earth	sample5|Earth	sample6|Earth	sample7|Earth	sample8|Earth	sample9|Earth	sample10|Earth	sample11|Earth	sample12|Earth	sample13|Earth	sample14|Earth	sample15|Earth	sample16|Earth	sample17|Earth	sample18|Earth	sample19|Earth	sample20|Earth	sample21|Earth	sample22|Earth	sample23|Earth	sample24|Earth	sample25|Earth	sample26|Earth	sample27|Earth	sample28|Earth	sample29|Earth	sample30|Earth	sample31|Earth	sample32|Earth	sample33|Earth	sample34|Earth	sample35|Earth	sample36|Earth	sample37|Earth	sample38|Earth	sample39|Earth	sample40|Earth	sample41|Earth	sample42|Earth	sample43|Earth	sample44|Earth	sample45|Earth	sample46|Earth	sample47|Earth	sample48|Earth	sample49|Earth
0	0	0.322466	0.933699	0.446418	0	0	0	0	0	0.124993	0.0416712	0	0	0	0.535391	0	0	0.434591	0.435067	0	0	0	0	0	0.00984777	0.692383	0	0.0296471	0	0	0.496134	0	0	0.22705	0.274051	0	0	0	0.144084	0	0.234441	0	0	0.274088	0.0555561	0.187238	0	0.637328	0	0
1	0.404564	0.328378	0	0	1	0.197153	0	0	0.107323	0.194825	0.00174041	0.0782112	0.309292	0	0.464609	0	0.565376	0	0	1	0.552254	0.283756	0	1	0.988043	0	0	0.0674775	0	0.0181875	0.483996	0	0.24317	0.0179802	0.154727	0.120205	0.0343196	0.00208698	0.174355	0	0	0	0	0.300537	0	0.0157844	0	0	0.475206	0
2	0.144677	0	0	0	0	0.301942	1	1	0	0.535778	0.112322	0.227623	0.413624	0	0	0	0	0.564454	0.430189	0	0.139273	0.35123	0	0	0	0	0	0	0.335312	0.497197	0	1	0.480909	0.0599987	0.554579	0.879795	0.0216302	0.601986	0	0.137315	0	1	0.0889113	0.0785317	0	0	0.772965	0	0.271544	0
3	0.381205	0	0	0.553582	0	0.359961	0	0	0.195714	0.144404	0.342275	0.694166	0.171227	0.613911	0	0	0	0	0.134744	0	0	0.365014	0	0	0.00210953	0.202079	0	0.561475	0.664688	0	0	0	0.275921	0	0	0	0	0.240692	0.44897	0	0.0650901	0	0.297203	0.148507	0.674166	0	0.0199624	0.362672	0.25325	0
4	0.0695545	0.349156	0.0663013	0	0	0.140944	0	0	0.696963	0	0.501992	0	0.105857	0.386089	0	1	0.434624	0.000955124	0	0	0.308473	0	1	0	0	0.105537	1	0.3414	0	0.484616	0.0198697	0	0	0.694971	0.0166424	0	0.94405	0.155235	0.23259	0.862685	0.700469	0	0.613886	0.198336	0.270278	0.796978	0.207073	0	0	1
