strain	SRR11059940|China:Wuhan	SRR11059942|China:Wuhan	SRR11059944|China:Wuhan	SRR11059945|China:Wuhan	SRR11059946|China:Wuhan	SRR11059947|China:Wuhan	SRR11092062|China: Wuhan	SRR11241254|USA: Seattle, WA	SRR11241255|USA: Seattle, WA	SRR11247076|USA: WA	SRR11247077|USA: WA	SRR11247078|USA: WA	SRR11278091|USA:WA	SRR11278164|USA:WA	SRR11278166|USA:WA	SRR11278167|USA:WA	SRR11397717|Australia: Melbourne, Victoria	SRR11397720|Australia: Melbourne, Victoria	SRR11397730|Australia: Melbourne, Victoria	SRR11410532|USA	SRR11426414|Germany: Starnberg	SRR11426415|Germany: Starnberg	SRR11426417|Germany: Starnberg	SRR11426418|Germany: Starnberg	SRR11454607|China: Hubei	SRR11454608|China: Hubei	SRR11454613|China: Hubei	SRR11454614|China: Hubei	SRR11454615|China: Hubei
0	0.001	0.001	0.001	0.001	0.001	0.001	0.001	0.001	0.001	0.001	0.001	0.001	0.001	0.001	0.001	0.001	0.001	0.001	0.001	0.001	0.001	0.001	0.001	0.001	0.001	0.001	0.001	0.001	0.001
1	0	0	0	0	0	0	0	0.998	0	0	0	0	0	0	0	0	0	0	0.0602245	1.11022e-16	0	0	0	0	0	0	0	0	0
2	0.001	0.001	0.001	0.001	0.001	0.001	0.001	0.001	0.999	0.001	0.999	0.999	0.999	0.999	0.999	0.999	0.999	0.999	0.001	0.55102	0.001	0	0.001	0.001	0	0.001	0.001	0.001	0.001
3	0.998	0.998	0.998	0.998	0.998	0.998	0.998	1.10023e-13	1.10134e-13	1.11022e-16	1.10134e-13	1.10134e-13	1.10134e-13	1.10134e-13	1.10134e-13	1.10134e-13	1.10134e-13	1.10134e-13	0.937776	0	0.998	0.998	0.998	0.998	0.998	0.998	0.998	0.998	0.998
4	0	0	0	0	0	0	0	0	0	0.998	0	0	0	0	0	0	0	0	0	0.44798	0	0.001	0	0	0.001	0	0	0	0
