k	LB	UB
1	-	-
2	-	-
3	-	-
4	-	-
5	-	-
6	-	-
7	-	-
8	2.99547	2.99547
9	2.30176	2.30176
10	1.64219	1.64219
11	1.2391	1.2391
12	1.00755	1.00755
13	0.811361	0.811361
14	0.551439	0.713659
