k	LB	UB
1	-	-
2	-	-
3	-	-
4	5.35329	5.35329
5	3.77921	3.77921
6	3.0855	3.0855
7	2.46921	2.46921
8	1.9092	1.9092
9	1.36811	1.36811
10	1.08071	1.08071
11	0.939998	0.939998
12	0.745886	0.834548
13	0.531926	0.741066
14	0.4706	0.669123
15	0.307089	0.609057
16	0.297334	0.552274
17	0.297334	0.500742
18	0.297334	0.469921
19	0.297334	0.43551
20	0.297334	0.405969
